<?xml version="1.0" encoding="UTF-8"?>
    <addon id="repository.ufo-repo" name="[COLOR lightgreen]UFO[/COLOR] Repository" version="99" provider-name="SNAKE">
        <requires>
            <import addon="xbmc.addon" version="12.0.0"/>
        </requires>
        <extension point="xbmc.addon.repository" name="UFO">
            <info compressed="false">https://raw.githubusercontent.com/TheKing-Kodi/Programs/master/addons.xml</info>
            <checksum>https://raw.githubusercontent.com/TheKing-Kodi/Programs/master/addons.xml.md5</checksum>
            <datadir zip="true">https://raw.githubusercontent.com/TheKing-Kodi/Programs/master/zips/</datadir>
            <hashes>false</hashes>
        </extension>
        <extension point="xbmc.addon.metadata">
            <summary>Install My Addons</summary>
            <description>Download and install addons from A SNAKE!</description>
            <platform>all</platform>
    </extension>
</addon>