<?xml version="1.0" encoding="UTF-8" standalone="yes"?>
<addon id="plugin.video.area51x" name="[COLOR green]Area 51 X[/COLOR]" version="99" provider-name="Ragnor">
  <requires>
    <import addon="xbmc.python" version="2.1.0"/>
    <import addon="script.module.addon.common" version="2.0.0" />
	<import addon="plugin.program.area51mess" />
  </requires>
  <extension point="xbmc.python.pluginsource" library="default.py">
    <provides>video</provides>
  </extension>
  <extension point="xbmc.addon.metadata">
    <summary lang="en">[COLOR green]Area 51 X[/COLOR]</summary>
    <description lang="en">A Kodi Bassed MultiMedia Addon.</description>
    <platform>all</platform>
  </extension>
</addon>