<?xml version="1.1" encoding="UTF-8" standalone="yes"?>
<addon id="plugin.video.area51"
       name="[COLOR lightgreen]Area-51 IPTV[/COLOR]"
       version="99"
       provider-name="Area-51">
  <requires>
    <import addon="xbmc.python" version="2.1.0"/>
  </requires>
  <extension point="xbmc.python.pluginsource"
            library="default.py">
        <provides>video</provides>
  </extension>
  <extension point="xbmc.addon.metadata">
    <summary lang="en">Area-51 IPTV</summary>
    <language>en</language>
    <description lang="en">Area-51 - Live TV / PPV / Sports / Kids / Movies / Entertainment at an affordable price for all.</description>
     <platform>all</platform>
  </extension>
</addon>
